<?xml version='1.0' encoding='UTF-8'?>
<!DOCTYPE Plugin PUBLIC "sailpoint.dtd" "sailpoint.dtd">
<Plugin certificationLevel="None"
	displayName="EntraID User and Group Management" minSystemVersion="8.3"
	name="EntraIDUserGroupManagement" version="1.0">
	<Attributes>
		<Map>
			<entry key="minUpgradableVersion" value="1.0" />
			<entry key="fullPage">
				<value>
					<FullPage title="EntraID User and Group Management" />
				</value>
			</entry>
			<entry key="taskExecutors" />
			<entry key="restResources">
				<value>
					<List>
						<String>com.sailpoint.plugin.EntraIDUserGroupManagement.rest.EntraIDUserGroupManager</String>
					</List>
				</value>
			</entry>
			<entry key="scriptPackages">
				<value>
					<List>
						<String>com.sailpoint.plugin.EntraIDUserGroupManagement.rest</String>
					</List>
				</value>
			</entry>
		</Map>
	</Attributes>
</Plugin>
