<?xml version='1.0' encoding='UTF-8'?>
<!DOCTYPE sailpoint PUBLIC "sailpoint.dtd" "sailpoint.dtd">
<sailpoint>
	<SPRight name="EntraIDUserGroupManagementPluginRight"
		displayName="Plugin to manage EntraID B2B users">
		<Description>Allows a user to access plugin setting.</Description>
	</SPRight>

	<Capability name="EntraIDUserGroupManagementAdministrator"
		displayName="EntraID UserGroup Management Administrator">
		<Description>EntraID User and Group Management Administrator</Description>
		<RightRefs>
			<Reference class="sailpoint.object.SPRight"
				name="EntraIDUserGroupManagementPluginRight" />
		</RightRefs>
	</Capability>
</sailpoint>